id;title;description;release_date
1;extensible Automotive Cotton;Games;2020-05-29T02:57:29
2;Sports override Buckinghamshire;Savings Account Ergonomic Virgin Islands, British;2020-05-28T14:40:32
3;access Security Pizza;Buckinghamshire Chicken parsing;2020-05-28T10:20:18
4;definition magenta;Bermuda Florida applications;2020-05-28T23:02:23
5;Operations bypassing;Dynamic;2020-05-29T06:51:11
6;programming;bypass;2020-05-28T19:27:20
7;Steel Legacy;Drives copy purple;2020-05-28T14:00:56
8;e-tailers matrix maroon;SMTP;2020-05-28T17:22:31
9;Refined Granite Pants Chips Route;mesh;2020-05-28T23:21:06
10;Interactions Savings Account;Factors portals solid state;2020-05-28T22:29:12
