id;name;surname;country
1;Alaska;Cotton Garden Home Loan Account;Togo
2;relationships synergy;transform;India
3;asymmetric leading-edge out-of-the-box;5th generation Intelligent;Mali
4;interactive Platinum bypass;Plastic Security invoice;Tuvalu
5;Planner Supervisor;Ports Metal Sausages;Armenia
6;invoice;Kyrgyz Republic Towels Florida;United States Minor Outlying Islands
7;Buckinghamshire grey;experiences;Rwanda
8;cyan SMTP;knowledge user Security Central;Algeria
9;French Guiana Burundi;cyan green;Nicaragua
10;Gorgeous Communications Nebraska;Secured;Qatar
