id;title;text;value
1;Comoro Franc program XSS;../fake-data/blob/hipster.txt;56780
2;efficient parallelism;../fake-data/blob/hipster.txt;38646
3;Orchestrator protocol;../fake-data/blob/hipster.txt;65233
4;Turkish Lira Graphical User Interface interfaces;../fake-data/blob/hipster.txt;59810
5;payment Home Loan Account;../fake-data/blob/hipster.txt;64680
6;Buckinghamshire;../fake-data/blob/hipster.txt;82895
7;Bacon Organized Tanzanian Shilling;../fake-data/blob/hipster.txt;52837
8;Bypass analyzer;../fake-data/blob/hipster.txt;48187
9;Concrete Licensed;../fake-data/blob/hipster.txt;71511
10;methodology pixel;../fake-data/blob/hipster.txt;9778
